Фамилия;Имя;Пол;Год рождения;Бег 1000 метров, мин. и сек.;Бег 30 метров, сек.;Прыжок в длину с места, см 
Абдуллаев;Денис;м;1998;3,42;4,72;188
Абдуллаев;Темур;м;1999;5,12;5,63;187
Абраменцев;Владислав;м;1997;5,52;5,42;223
Абсалямов;Илья;м;1999;5,43;4,92;237
Авдонин;Александр;м;1998;4,38;4,71;219
Авдышева;Елена;ж;1999;4,53;5,3;224
Авдюкова;Александра;ж;1998;5,02;5,3;205
Аверин;Дмитрий;м;1997;4,18;5,3;184
Автайкина;Анна;ж;1997;3,57;4,27;185
Агасарян;Александр;м;1999;4,37;5,39;181
Агеева;Виктория;ж;1999;4,57;4,85;220
Аигин;Александр;м;1997;4,33;4,57;213
Айрапетян;Маргарит;м;1996;4,58;5,46;226
Акимова;Рена;ж;1996;3,45;5,53;202
Акиншева;Юлия;ж;1996;5,5;4,51;198
Акиньшина;Карина;ж;1996;3,55;5,95;180
Александров;Алексей;м;1996;5,3;4,83;203
Александрова;Наталья;ж;1999;5,32;5,64;214
Алексеев;Георгий;м;1999;5,32;4,78;186
Алексеева;Анастасия;ж;1997;5,38;5,76;211
Алёшина;Анастасия;ж;1999;5,12;5,15;193
Алиева;Маргарита;ж;1998;4,4;5,39;189
Алимова;Екатерина;ж;1997;4,07;4;187
Алферов;Кирилл;м;1996;5,13;4,91;218
Аль-Дасуки;Алексей;м;1996;4,22;4,95;220
Альмяшева;Елизавета;ж;1998;3,33;5,89;194
Альфара;Ольга;ж;1997;5,53;4,38;203
Амирян;Адиль;м;1999;4,52;4,12;220
Андреев;Василий;м;1997;4,08;5,38;198
Андреев;Ярослав;м;1997;3,43;5,89;229
Андреева;Аксинья;ж;1997;5,22;5,15;206
Андрианов;Георгий;м;1996;4,45;5,13;196
Андрианов;Мирослав;м;1997;5,07;5,91;207
Андрианова;Анастасия;ж;1997;5,42;5,67;204
Андрюшечкина;Юлия;ж;1999;4,22;5,22;207
Андрющенко;Артем;м;1998;4,27;5,04;195
Андрякова;Ирина;ж;1996;3,4;4,89;218
Аникаева;Анна;ж;1999;5,52;6,32;222
Анисимова;Евгения;ж;1999;4,5;4,97;201
Анненков;Виталий;м;1998;5,38;4,68;199
Антонов;Сергей;м;1996;4,12;4,46;214
Аранова;Лада;ж;1998;5,48;5,19;200
Арбузова;Мария;ж;1999;4,22;5,1;234
Арефьева;Алёна;ж;1998;5,18;5,29;178
Аржакова;Анастасия;ж;1998;5,23;4,51;180
Аристов;Александр;м;1999;4,05;5,87;202
Арнаутов;Шамиль;м;1997;5,2;5,37;180
Арсенова;Наталья;ж;1996;5;5,11;202
Арсентьев;Сергей;м;1999;5,08;5,35;188
Артамонова;Марина;ж;1999;4,42;4,52;221
Артамонова;Татьяна;ж;1996;3,4;4,94;202
Артемова;Анастасия;ж;1997;4,38;5,75;201
Артюхов;Константин;м;1996;4,25;5,57;221
Арутюнян;Артем;м;1998;5,48;5,71;220
Архипов;Клим;м;1998;4,47;5,41;204
Арчакова;Анна;ж;1998;4,4;4,34;202
Асламов;Кирилл;м;1998;4,13;4,77;193
Астахова;Алёна;ж;1996;4,3;5,84;214
Атанова;Екатерина;ж;1998;4,47;4,98;222
Афонина;Екатерина;ж;1996;4,45;4,86;200
Ахматова;Евгения;ж;1996;4,58;4,78;215
Ахмедова;Юлия;ж;1996;5,53;5,24;207
Ахметов;Александр;м;1999;4,5;5,47;215
Ашуров;Алексей;м;1996;5,23;5,93;199
Ашурова;Ольга;ж;1999;4,12;5,67;204
Бабушкин;Александр;м;1997;5,28;5,07;217
Бабченкова;Эльнура;ж;1996;5,05;5,23;204
Багдасарян;Александр;м;1996;5,45;5,34;183
Бадюк;Илья;м;1999;5,57;5,12;184
Базаев;Кирилл;м;1996;4,58;5,74;216
Байгузина;Диана;ж;1996;4,35;5,57;219
Баймурадова;Арина;ж;1999;5,33;4,46;198
Бакланова;Василина;ж;1996;3,45;5,58;205
Бакланова;Елена;ж;1998;4,58;5,14;200
Балабин;Егор;м;1996;5,35;5,1;207
Балесный;Владислав;м;1996;4,05;4,48;194
Банков;Александр;м;1997;3,45;5,36;194
Банникова;Ксения;ж;1999;5,25;5,15;220
Баранов;Антон;м;1998;5,45;4,43;231
Баранов;Глеб;м;1998;5,18;4,56;199
Баранова;Дарья;ж;1996;4,28;5,69;209
Баранова;Екатерина;ж;1997;5,28;6,15;213
Бардасова;Елена;ж;1996;5,23;5,49;205
Барсуков;Дмитрий;м;1999;4,48;4,95;230
Барсукова;Юлия;ж;1998;4,25;4,98;202
Бархатова;Александра;ж;1996;4,32;5;203
Барышникова;Ольга;ж;1996;5,4;5,98;209
Баскакова;Светлана;ж;1997;5,42;4,47;180
Батищева;Анна;ж;1997;5,47;4,76;218
Бахирева;Карина;ж;1997;5,47;5,27;228
Бачурина;Евгения;ж;1998;5,5;4,29;229
Белизин;Артем;м;1999;4,5;4,79;199
Белов;Артём;м;1998;4,35;5,93;190
Белова;Наталья;ж;1997;4,07;4,89;209
Белоножкина;Имилия;ж;1999;5,57;6,21;191
Беляев;Максим;м;1996;5,37;5,39;178
Беляков;Иван;м;1999;3,43;5,49;195
Беньяминов;Игорь;м;1996;3,48;4,53;201
Бердыев;Артем;м;1996;5,22;5,68;178
Берсенев;Артём;м;1999;4,27;4,11;200
Бесаева;Ирина;ж;1999;5,45;6,09;212
Бессонов;Кирилл;м;1996;3,3;4,66;231
Бестаева;Ирина;ж;1999;5,4;5,75;182
Бигар;Игорь;м;1997;4,42;5,35;199
Бикбулатова;Наталья;ж;1996;4,47;5,9;219
Бикмаева;Светлана;ж;1997;5,57;5,4;188
Бирюкова;Злата;ж;1997;3,28;5,72;190
Блидарева;Алёна;ж;1999;4,27;5,61;194
Близнюк;Илья;м;1996;5,42;5,91;208
Блинкова;Мария;ж;1997;4,53;5,52;178
Бобкова;Майя;ж;1999;4,48;4,9;200
Боброва;Наталья;ж;1997;5,2;5,38;234
Богачева;Анастасия;ж;1999;4,45;5,66;178
Богачева;Клавдия;ж;1997;3,5;5,55;208
Богачева;Полина;ж;1996;5,58;5,5;196
Богданова;Кристина;ж;1996;4,23;5,14;211
Богданова;Ольга;ж;1999;4,57;5,02;179
Бодиловский;Юрий;м;1996;5,25;5,9;211
Бодрягина;Елена;ж;1997;4,58;5,6;204
Бойцова;Ольга;ж;1999;4,58;5,63;236
Болдырева;Ирина;ж;1998;5,42;5,88;179
Бондаренко;Александр;м;1996;4,1;5,76;221
Борзякова;Ольга;ж;1997;5,4;5,54;205
Борисова;Дарья;ж;1999;5,47;4,84;199
Борисова;Екатерина;ж;1999;5,58;6,15;196
Боровский;Роман;м;1998;4,48;4,23;229
Бородина;Ксения;ж;1998;5,4;5,36;185
Бородкина;Наталья;ж;1997;4,47;5,96;231
Ботвинова;Наталья;ж;1997;5,5;5,23;207
Бохонов;Антон;м;1996;3,33;4,19;225
Бочнева;Татьяна;ж;1996;5,32;5,22;190
Брагина;Алина;ж;1998;3,47;4,81;213
Брайловский;Владимир;м;1998;5,28;4,3;225
Браташова;Галина;ж;1998;4,32;4,19;179
Брянцева;Елена;ж;1997;4;4,39;198
Бугрова;Елена;ж;1997;4,43;5,44;219
Бугунаева;Дарья;ж;1998;5,28;5,1;192
Буженина;Екатерина;ж;1999;5,45;5,08;202
Буздакова;Анастасия;ж;1996;4,52;5,46;199
Бузовкина;Людмила;ж;1999;3,33;5,86;219
Булатова;Аяна;ж;1999;4,1;7,32;202
Булгакова;Юлия;ж;1998;5,23;5,63;191
Бурдеева;Алина;ж;1996;4,25;5,34;187
Бурмистрова;Елизавета;ж;1998;4,55;7,06;221
Бурсов;Никита;м;1996;3,28;5,23;178
Бурынина;Мария;ж;1999;4,53;5,57;200
Бутова;Лале;ж;1999;3,42;5,02;181
Бушуев;Эдуард;м;1996;4,02;4,55;219
Бывших;Рубен;м;1997;4,58;4,03;221
Быков;Игорь;м;1998;4,57;4,65;214
Быков;Роман;м;1997;5,48;5,01;186
Бычков;Ярослав;м;1996;4,47;5,97;229
Вайцель;Александр;м;1996;5,37;5,4;205
Валуйский;Михаил;м;1998;5,38;5,21;222
Валясина;Мария;ж;1998;5,18;4,6;180
Ванян;Сергей;м;1998;4,18;5,55;220
Варгина;Наталия;ж;1998;5,13;4,18;194
Варульников;Олег;м;1999;5,23;4,93;197
Васильев;Марк;м;1996;3,37;5,1;234
Ведякова;Анастасия;ж;1997;4,55;4,49;223
Вентцель;Сергей;м;1998;4,28;4,9;209
Викторов;Кирилл;м;1996;3,5;5,97;218
Виляева;Земфира;ж;1998;4,55;5,95;194
Висина;Мария;ж;1997;5,05;6,05;223
Витяева;Евгения;ж;1996;3,45;4,27;196
Владимирова;Валерия;ж;1999;4,15;5,85;182
Власова;Анастасия;ж;1998;5,25;4,15;195
Водчиц;Аршак;м;1999;3,45;4,76;197
Воейкова;Ирина;ж;1998;5,35;4,68;198
Волкова;Анастасия;ж;1997;4,33;5,39;201
Волкова;Анастасия;ж;1998;4,4;6,31;208
Волкова;Ксения;ж;1996;5,02;4,76;213
Волов;Эдуард;м;1997;5,58;4,53;213
Володин;Максим;м;1999;5;5,21;203
Володина;Александра;ж;1999;3,45;5,21;207
Волчкова;Александра;ж;1999;4,5;4,45;206
Воронина;Татьяна;ж;1996;5,08;4,22;198
Воронов;Петр;м;1999;4,47;5,7;215
Воронова;Александра;ж;1998;5,43;4,32;181
Гаврилина;Наталья;ж;1997;3,35;5,94;178
Гаврилов;Александр;м;1998;5,37;5,02;190
Гаврилов;Евгений;м;1999;5,57;5,82;220
Гаврилова;Кристина;ж;1998;5,58;5,11;202
Гаврилова;Светлана;ж;1997;4,35;5,59;210
Газиева;Екатерина;ж;1996;5,18;4,83;200
Гайдамака;Екатерина;ж;1997;3,28;5,49;208
Гамзаев;Роман;м;1998;4,13;5,77;189
Гамянина;Виктория;ж;1999;5,25;6,43;223
Гандеров;Игорь;м;1996;4,28;5,99;226
Гановичев;Андрей;м;1999;5,07;5,32;230
Гапликова;Саяна;ж;1998;5,53;5,84;230
Гасымова;Дарья;ж;1998;4,02;4,98;209
Гахраманов;Никита;м;1997;3,53;5,78;179
Гемаддиев;Валерия;м;1999;5,52;5,47;227
Герасимова;Екатерина;ж;1996;5,33;5,03;226
Герасимова;Наталья;ж;1998;4,48;5,72;204
Гетманова;Екатерина;ж;1996;4,32;5,96;203
Глотова;Виктория;ж;1996;4,28;5,25;184
Глумова;Кристина;ж;1999;5,4;5,47;181
Гойхман;Александр;м;1997;5,58;5,47;193
Голов;Равиль;м;1999;5,55;5,03;195
Голова;Ольга;ж;1997;3,57;4,85;204
Головачев;Евгений;м;1996;5,22;5,74;184
Голота;Дарья;ж;1999;5,27;4,43;203
Голохвостова;Маргарита;ж;1998;5,12;4,46;195
Гончаров;Арсен;м;1996;5,3;5,79;222
Горбатюк;Антон;м;1997;4,57;4,02;197
Горбачев;Иван;м;1996;4,35;5,3;210
Горбачев;Максим;м;1996;3,37;5,76;211
Горохова;Екатерина;ж;1997;3,42;5,45;206
Горшилина;Оксана;ж;1999;4,38;5,31;200
Горшков;Максим;м;1997;5,12;4,5;218
Горюнова;Ирина;ж;1996;4,2;5,94;199
Графов;Виталий;м;1998;4,18;5,49;219
Гребенщиков;Ярослав;м;1996;4,05;4,61;185
Грешнева;Анастасия;ж;1997;4,05;5,43;198
Грибков;Ольга;м;1999;4,07;4,26;218
Грибкова;Анастасия;ж;1998;5,32;5,07;187
Григорьева;Екатерина;ж;1998;5,48;4,22;206
Грицевич;Григорий;м;1996;5,28;4,22;234
Гришагина;Екатерина;ж;1999;5,17;6,42;181
Гришина;Алина;ж;1996;4,38;5,44;178
Гришина;Екатерина;ж;1999;4,5;5,33;206
Гркикян;Алексей;м;1998;5,03;4,24;207
Громова;Анна;ж;1998;6;4,35;195
Громова;Юлия;ж;1996;5,1;4,94;198
Громыко;Алексей;м;1997;5,38;5,76;216
Груздева;Анастасия;ж;1998;5,22;5,81;190
Гужова;Елизавета;ж;1997;4,05;5,69;205
Гулинов;Артем;м;1996;4,28;5,87;190
Гурбанов;Никита;м;1996;5,43;4,92;234
Гуревич;Алексей;м;1999;4,05;4,34;199
Гусаев;Роман;м;1996;4,3;5,69;183
Гусев;Иван;м;1998;4,43;5,03;214
Гусева;Дарья;ж;1996;4,47;4,79;205
Гусева;Мария;ж;1998;4,47;5,82;205
Гутрова;Елена;ж;1997;4,33;4,56;200
Данилина;Станислава;ж;1998;5,43;4,3;221
Данчина;Юлия;ж;1996;4,1;4,43;225
Данько;Никита;м;1996;6;5,27;213
Дахнов;Илья;м;1999;4,28;4,73;223
Дворецкова;Дарья;ж;1999;5,55;5,83;189
Дегтярев;Богдан;м;1999;5,42;4,51;225
Деева;Ксения;ж;1997;4,35;4,21;232
Дементьева;Ольга;ж;1997;4,32;4,05;209
Демидов;Антон;м;1997;5,12;4,01;220
Демидова;Мария;ж;1996;5,42;4,38;191
Демидович;Никита;м;1999;3,52;5,25;213
Демихов;Дмитрий;м;1997;4,03;4,86;199
Дергачев;Илья;м;1998;4,43;5,57;219
Деревягина;Яна;ж;1999;3,45;5,96;226
Деркаченко;Андрей;м;1997;4,07;4,72;187
Джуссоева;Кристина;ж;1999;5,28;5,41;207
Дикало;Станислав;м;1999;5,45;5,54;192
Дмитриев;Константин;м;1997;5,23;5,7;186
Дмитриев;Сергей;м;1996;4,47;5,53;205
Дмитриева;Наталья;ж;1997;5,37;4,97;191
Доготарь;Денис;м;1996;3,43;4,61;213
Докшукина;Вера;ж;1998;5,28;5,41;201
Долгов;Никита;м;1998;4,48;5,55;208
Долгова;Ольга;ж;1998;4,35;4,23;191
Доронкин;Андрей;м;1997;3,37;5,91;216
Дорохина;Алина;ж;1998;4,5;4,38;203
Дорохова;Дарья;ж;1997;4,2;4,41;204
Дранишникова;Татьяна;ж;1999;5,05;5,89;210
Дробышева;Ольга;ж;1996;5,48;4,64;199
Дроздов;Петр;м;1997;3,3;5,72;228
Дрынкин;Никита;м;1996;4,33;5,1;200
Дубинина;Елизавета;ж;1998;5,2;5,76;191
Дубова;Мария;ж;1998;4,4;5,59;213
Дубровина;Анна;ж;1996;5,08;5,06;211
Дубровский;Сергей;м;1998;4,42;5,31;217
Дуванова;Анна;ж;1998;5,45;5,24;184
Дудин;Антон;м;1997;4,58;4,46;213
Думанов;Артем;м;1998;5,42;4,63;228
Дунаева;Лия;ж;1998;4,22;5,59;204
Дюкин;Никита;м;1997;3,32;4,17;198
Евсеев;Леонид;м;1999;4,27;5,23;188
Евстигнеев;Теодор;м;1997;4,12;5,27;180
Елизов;Андрей;м;1997;5,27;4,46;230
Елисеева;Юлия;ж;1999;5,05;6,4;191
Ембулаев;Артем;м;1997;4,4;5,01;203
Емельянов;Никита;м;1996;4,43;4,15;218
Емельянова;Людмила;ж;1999;5,42;5,12;206
Ермаков;Андрей;м;1999;5,47;5,48;187
Ермаков;Николай;м;1999;5,35;5,6;234
Ермачкова;Мария;ж;1998;4,28;4,77;212
Ермолова;Анна;ж;1999;3,28;4,38;190
Ермохин;Никита;м;1998;5,1;4,63;211
Еров;Алексей;м;1998;3,3;5,9;232
Ерофеев;Алексей;м;1998;4,07;4,15;192
Ершов;Владислав;м;1997;4,25;4,93;237
Ефимова;Екатерина;ж;1999;5,57;4,82;212
Ефремова;Ирина;ж;1996;5,23;5,02;230
Жамалидденова;Алена;ж;1999;4,25;5,82;224
Жариков;Никита;м;1999;5,45;5,25;217
Жаринов;Григорий;м;1996;5,5;4,81;178
Жданникова;Яна;ж;1996;3,4;5,16;208
Жижченко;Павел;м;1997;5,03;4,16;222
Жукова;Юлия;ж;1998;5,08;6,33;193
Жуковский;Никита;м;1997;4,03;5,53;218
Журавлёв;Сергей;м;1999;4,1;5,78;225
Журавлева;Алла;ж;1996;3,42;4,24;234
Журавлева;Анна;ж;1999;3,52;4,38;226
Журихина;Екатерина;ж;1996;4,45;5,7;187
Забелина;Алина;ж;1996;4,35;5,02;202
Завольсков;Юрий;м;1997;5,35;5,53;194
Загидуллина;Лейли;ж;1996;5,32;5,19;235
Загиева;Наталья;ж;1997;3,52;5,09;194
Зайцев;Богдан;м;1997;5,58;5,96;181
Закуталина;Наталья;ж;1996;5,53;4,91;209
Залазин;Николай;м;1998;5,33;5,84;197
Запылаев;Артем;м;1998;3,52;4,86;188
Зароченцева;Екатерина;ж;1997;5,02;4,87;178
Зарубина;Алена;ж;1997;4,28;4,78;191
Захаров;Андрей;м;1996;3,5;5,38;232
Захарова;Мария;ж;1999;5,43;5,38;185
Зборовский;Алексей;м;1997;4,48;5,46;234
Зеленцов;Андрей;м;1998;3,28;4,61;226
Зинатуллина;Анастасия;ж;1999;5,27;5,94;180
Зиновьева;Татьяна;ж;1996;3,52;5,15;207
Зозуля;Дмитрий;м;1998;5,45;5,09;222
Золотарёва;Ксения;ж;1998;3,35;5,61;219
Зорин;Георгий;м;1999;3,53;5,21;187
Зульфугаров;Григорий;м;1996;4,57;5,16;232
Зыкова;Анастасия;ж;1998;5,38;5;203
Зылева;Юлия;ж;1998;5,28;5,63;194
Ибрагимова;Дарья;ж;1999;4,52;5,62;200
Иванов;Георгий;м;1999;4,4;5,98;233
Иванов;Никита;м;1998;4,2;4,95;218
Иванова;Александра;ж;1998;5,27;5,22;187
Иванова;Алена;ж;1997;4,43;6,18;187
Иванова;Анастасия;ж;1996;4,22;4,92;193
Иванова;Анна;ж;1996;3,3;5,23;203
Иванова;Ирина;ж;1999;4,58;4,98;183
Иванова;Ксения;ж;1999;4,32;6,62;187
Иванова;Мария;ж;1996;5,02;5,31;212
Иванова;Яна;ж;1998;5,52;4,17;187
Ивченко;Владислав;м;1999;4,03;4,91;233
Игнатьева;Мария;ж;1999;3,55;4,21;189
Игумнова;Руфана;ж;1999;5,32;5,44;197
Изгаршева;Анна;ж;1999;4,22;6;186
Измайлова;Анастасия;ж;1998;4,52;5,45;198
Изобенко;Артем;м;1999;5,43;4,84;201
Инихова;Дарья;ж;1997;4,38;5,27;185
Иоффе;Тимур;м;1999;5,37;4,78;193
Ипполитов;Сергей;м;1996;4,5;4,64;194
Иртуганова;Виктория;ж;1996;5,27;4,7;215
Исаев;Илья;м;1999;4,33;4,83;210
Исаева;Оксана;ж;1999;4,4;5,85;183
Исифалиева;Алиса;ж;1996;4,52;5,76;177
Исламова;Анастасия;ж;1999;5,48;6;182
Итунин;Григорий;м;1998;5,15;4,17;220
Ишутина;Дария;ж;1999;5,28;5,11;233
Кабазин;Никита;м;1999;4,23;5,28;228
Кадыркулова;Ольга;ж;1999;3,33;4,72;184
Казаков;Кирилл;м;1997;5,58;5,38;227
Казанцева;Эльнара;ж;1998;4,4;5,05;221
Калимеев;Евгений;м;1998;5,02;4,25;228
Калин;Никита;м;1997;5,13;4,83;212
Калинина;Александра;ж;1999;3,53;5,82;203
Калинкин;Владислав;м;1999;5,5;4,62;207
Калюта;Юлия;ж;1999;5,47;4,93;189
Каменева;Виктория;ж;1997;4,42;5,1;201
Каминский;Антон;м;1996;4,55;5,01;224
Канаметова;Елизавета;ж;1996;5,18;4,85;210
Канарейкина;Милена;ж;1999;5,3;6;224
Кандрина;Кристина;ж;1999;4,47;5,36;190
Каневский;Григорий;м;1996;4,5;4,12;225
Капина;Анастасия;ж;1996;4,25;4,33;198
Каргин;Берды;м;1996;4,45;5,89;227
Каримова;Анастасия;ж;1998;4,57;5,39;230
Каркавин;Александр;м;1999;5,57;5,81;217
Карманов;Евгений;м;1998;4,47;5,04;222
Карпова;Анастасия;ж;1997;4,45;5,87;193
Карпухина;Анна;ж;1997;5,05;4,68;197
Касаткина;Виолетта;ж;1999;4,5;5,38;208
Каткова;Мария;ж;1998;3,52;4,42;196
Кашанов;Михаил;м;1996;4,27;4,69;228
Каширин;Денис;м;1999;5,35;5,26;227
Каюда;Ангелина;ж;1996;4,33;4,85;182
Керенцева;Наталия;ж;1998;4,13;4,02;204
Керимов;Андрей;м;1997;3,57;4,98;218
Керимов;Дмитрий;м;1998;4,57;5,3;232
Кильдишов;Никита;м;1996;4,38;4,45;235
Киселева;Татьяна;ж;1996;5,17;4,88;186
Кислицына;Екатерина;ж;1996;5,33;4,59;184
Кислова;Арина;ж;1999;4,4;5,82;203
Клепикова;Ольга;ж;1999;5,42;5,53;182
Климакова;Лидия;ж;1999;4,43;4,27;183
Климов;Александр;м;1998;4,05;4,05;212
Климов;Всеволод;м;1998;4,43;4,58;180
Климов;Герман;м;1999;4,43;5,41;221
Климова;Яна;ж;1996;4,4;5,71;224
Клопов;Арсен;м;1996;5,58;4,53;210
Клыкова;Екатерина;ж;1996;5,32;5,33;210
Коваленко;Александр;м;1996;4,38;5,74;191
Ковязина;Наталья;ж;1998;4,43;5,47;191
Кожухова;Яна;ж;1997;4,37;5,77;192
Козинко;Евгения;м;1998;5,45;5,52;225
Козлов;Арсений;м;1999;5,42;4,96;185
Козлова;Надежда;ж;1996;5,2;4,55;194
Кокова;Лиана;ж;1998;4,38;5,37;197
Кокоулин;Александр;м;1997;4,48;5,45;226
Колганов;Илья;м;1997;5,1;5,98;227
Колесников;Андрей;м;1999;5,47;4,47;228
Колесникова;Анастасия;ж;1997;3,43;6,6;178
Колокольникова;Анна;ж;1997;4;4,36;177
Колосова;Анна;ж;1999;5,53;5,31;205
Колпакова;Надежда;ж;1998;4,52;5,77;182
Комарницкий;Николай;м;1998;5,55;4,2;185
Комарова;Виктория;ж;1998;4,37;4,92;202
Комиссаров;Александр;м;1998;5,47;5,57;185
Комиссаров;Данила;м;1999;4,2;5,94;198
Комиссарова;Галина;ж;1999;4,27;5,16;215
Кондакова;Екатерина;ж;1997;4,2;4,94;180
Кондауров;Анатолий;м;1998;4,23;5,63;191
Кондратьева;Екатерина;ж;1999;4,15;5,07;222
Кондрашкина;Екатерина;ж;1999;4,3;5,49;198
Коннова;Светлана;ж;1997;4,32;5,81;229
Коновалов;Дмитрий;м;1999;5,28;4,88;232
Коноплева;Екатерина;ж;1996;3,48;4,57;186
Коняшин;Василий;м;1996;5,55;4,53;229
Коняшина;Полина;ж;1998;4,23;5,3;187
Копейцева;Александра;ж;1999;4,53;4,26;207
Коржиков;Иван;м;1997;4,3;4,67;181
Коркина;Анастасия;ж;1996;3,28;5,34;218
Королева;Алёна;ж;1997;4,48;5,71;207
Королева;Мария;ж;1998;5,58;4,87;214
Королёва;Анна;ж;1998;5,33;5,72;208
Корольков;Артем;м;1999;5,47;5,29;195
Короткова;Софья;ж;1996;4,13;4,12;212
Корчагина;Софья;ж;1998;4,22;5,55;178
Корючев;Гейдар;м;1996;5,5;5,48;181
Корягин;Алексей;м;1998;5,48;5,24;198
Косенко;Ашот;м;1998;4,18;5,52;202
Костин;Максим;м;1997;3,52;4,91;195
Костина;Юлия;ж;1996;3,42;5,5;205
Костромина;Евгения;ж;1997;3,4;6,49;202
Косьминов;Адриан;м;1996;4,1;4,75;221
Котанчан;Юрий;м;1997;5,53;4,37;184
Котикова;Дарья;ж;1997;4,27;5,73;192
Котлярова;Екатерина;ж;1996;5,12;4,63;204
Кочетов;Глеб;м;1997;5,43;4,43;203
Коюшев;Никита;м;1996;4,3;4,12;217
Кравец;Ринат;м;1998;5,53;4,37;226
Красовский;Степан;м;1997;4,42;5,62;209
Красотин;Николай;м;1996;3,48;4,78;227
Кротова;Валентина;ж;1996;4,58;4,56;208
Кротова;Елизавета;ж;1999;5,35;5,73;200
Круглова;Светлана;ж;1997;4,5;4,56;194
Крутякова;Мария;ж;1998;3,32;4,25;202
Кудрявцев;Николай;м;1998;5,43;5,05;207
Кудрявцева;Алина;ж;1997;4,22;5,89;206
Кудрявцева;Анастасия;ж;1997;4,42;5,37;181
Кудряшова;Анастасия;ж;1997;4,05;5,38;189
Кузенова;Мария;ж;1997;5,52;4,73;203
Кузина;Анастасия;ж;1997;5,08;4,71;213
Кузина;Юлия;ж;1996;3,47;4,59;205
Кузнецов;Евгений;м;1999;4,58;4,85;218
Кузнецов;Михаил;м;1996;3,47;5,05;200
Кузнецов;Рами;м;1996;4,4;4,8;210
Кузнецов;Сергей;м;1999;4,58;4,57;184
Кузнецова;Анастасия;ж;1997;4,25;4,88;178
Кузнецова;Влада;ж;1999;4,28;5,01;220
Кузнецова;Елизавета;ж;1998;4,48;6,6;191
Кузнецова;Ирина;ж;1999;4,32;4,92;207
Кузнецова;Мария;ж;1999;5,42;5,64;193
Кузнецова;Юлия;ж;1998;5,02;5,75;230
Кузнечихина;Мария;ж;1999;5,37;4,64;186
Кузьмин;Ярослав;м;1997;4,23;5,86;235
Кузьмина;Юлия;ж;1999;5,25;4,89;202
Кузьминский;Савин;м;1998;4,37;4,52;220
Кузьмичева;Елена;ж;1998;3,48;5,8;205
Кукавка;Маргарита;ж;1998;5;5,64;187
Куликов;Андрей;м;1997;4,23;5,9;177
Куликова;Анастасия;ж;1998;4,57;4,85;204
Куликова;Дарья;ж;1999;4,28;4,12;207
Кульцова;Валерия;ж;1998;4,47;6,37;179
Куприн;Евгений;м;1998;5,3;4,95;177
Куприянова;Екатерина;ж;1998;5,52;6;222
Кураксина;Ирина;ж;1996;5,42;5,55;201
Курбатов;Александр;м;1996;4,58;4,02;221
Кустова;Галина;ж;1996;5,48;5,81;209
Кутилина;Ирина;ж;1997;3,48;5,76;210
Лазарев;Антон;м;1996;5,55;5,25;204
Лазарева;Александра;ж;1998;4,27;4,83;205
Лазарева;Вера;ж;1998;5,5;5,07;183
Лазурина;Анастасия;ж;1998;3,4;5,79;201
Ланин;Илья;м;1999;5,28;5,14;194
Ларин;Михаил;м;1998;4,27;4,54;235
Ларина;Мария;ж;1997;5,35;6,02;219
Ларькина;Полина;ж;1998;5,33;5,15;185
Лебедев;Дмитрий;м;1997;3,35;5,96;184
Лебедева;Анна;ж;1999;4,37;4,54;206
Левин;Александр;м;1998;4,3;5,92;207
Левченко;Роман;м;1996;4,58;5,11;219
Левшова;Анна;ж;1996;5,58;5,18;190
Левшунова;Полина;ж;1998;4,4;4,21;186
Лелькова;Надежда;ж;1999;5,03;5,24;198
Леньшина;Александра;ж;1998;5,2;5,89;229
Леонов;Николай;м;1996;4,38;4,24;208
Леонова;Дарья;ж;1998;4,05;5,03;183
Лепендина;Анастасия;ж;1996;5,45;4,68;208
Лиджиева;Ольга;ж;1997;4,5;5,45;206
Лиманина;Нелли;ж;1998;5,57;5,32;182
Линькова;Вера;ж;1996;5,13;5,31;202
Лисенкова;Марина;ж;1999;4,35;4,78;183
Лисовой;Андрей;м;1996;4,4;5,73;189
Литвинов;Пётр;м;1996;5,3;4,19;194
Лиходькин;Дмитрий;м;1996;4,47;4,08;199
Лобчикова;Валерия;ж;1999;5,57;5,15;219
Логвина;Ирина;ж;1996;5,55;4,87;236
Логвинова;Ксения;ж;1999;5,57;4,53;196
Логинова;Надежда;ж;1999;4,02;5,04;225
Лопханова;Анна;ж;1999;5,32;4,42;201
Лоскутова;Марина;ж;1999;5,03;7,17;217
Лошкарева;Виктория;ж;1999;4,12;5,77;226
Лощенова;Екатерина;ж;1999;4,22;5,36;213
Лукашина;Екатерина;ж;1998;3,42;5,54;206
Лукашов;Виталий;м;1999;4,27;4,25;227
Лукашова;Маргарита;ж;1996;5,48;4,65;208
Лукина;Юлиана;ж;1997;3,48;5,06;196
Лунев;Петр;м;1997;5,28;5,6;237
Луняков;Илья;м;1998;4,12;4,88;181
Лучников;Павел;м;1998;4,38;5,08;203
Лысакова;Мария;ж;1996;3,48;5,55;186
Львов;Роман;м;1997;4,48;4,94;188
Любаев;Дмитрий;м;1998;5,25;4,21;179
Лялин;Илья;м;1996;4,42;5,9;200
Мазаева;Елизавета;ж;1998;5,05;4,65;184
Мазуренко;Максим;м;1998;4,42;4,1;205
Малахин;Александр;м;1997;5,58;4,71;189
Малахов;Федор;м;1998;5,28;5,65;217
Малахова;Ольга;ж;1996;3,48;5,43;202
Малышев;Петр;м;1999;5,23;4,91;203
Малютин;Микаэл;м;1996;3,43;4,06;184
Мамедова;Вера;ж;1999;4,55;4,29;194
Мамедова;Виктория;ж;1999;4,25;5,05;201
Маргарян;Дмитрий;м;1998;3,42;5,96;225
Маркин;Иван;м;1998;5,53;4,48;214
Маркин;Кирилл;м;1998;5,4;4,89;181
Маркина;Александра;ж;1999;4;5,11;200
Маркова;Анастасия;ж;1998;5,33;5,2;177
Маркова;Дарья;ж;1997;4,2;5,93;187
Маркова;Полина;ж;1998;4,43;5,1;180
Маркотенко;Павел;м;1999;5,58;4,49;182
Мартиросян;Сергей;м;1999;5,03;5,04;230
Марченко;Сергей;м;1999;3,37;5,89;233
Марынкина;Виктория;ж;1999;5,58;5,85;208
Марьясина;Анастасия;ж;1997;5,47;5;210
Масликова;Наталия;ж;1999;4;4,63;206
Мастяев;Арзу;м;1996;5,27;4,06;201
Масюк;Иван;м;1999;4,47;5,61;227
Матвеев;Сергей;м;1997;5,4;4,78;193
Матвеева;Александра;ж;1997;5,47;5,58;197
Матвеева;Алена;ж;1999;4,43;5,41;200
Махнев;Владислав;м;1997;5,55;4,78;219
Медведева;Анастасия;ж;1996;4,18;5,88;213
Медведева;Мария;ж;1997;4,1;5,9;216
Меленова;Ирина;ж;1998;4,33;5,76;215
Меликов;Кирилл;м;1997;3,32;5,92;205
Мельникова;Мария;ж;1998;3,48;5,67;184
Мельяновский;Роман;м;1996;5,43;4,81;220
Меркулова;Анастасия;ж;1998;4,23;4,65;221
Мещеринова;Анастасия;ж;1998;4,3;5,35;194
Мещерякова;Анастасия;ж;1996;5,2;4,58;201
Мигалкин;Михаил;м;1998;4,38;4,62;199
Минасян;Андрей;м;1996;5,48;4,28;229
Мирзаев;Николай;м;1997;4,47;5,28;183
Миронкина;Елена;ж;1997;4,22;4,6;191
Мисожникова;Наталья;ж;1999;4,52;4,5;219
Митрохин;Игорь;м;1997;4,33;4,23;202
Митяев;Александр;м;1996;5,05;5,57;224
Митяева;Юлия;ж;1998;4,18;5,83;197
Михайлин;Алексей;м;1999;3,38;4,91;186
Михайлов;Александр;м;1997;5,43;4,86;227
Михайлова;Дарья;ж;1997;4,03;4,67;203
Мичурина;Евгения;ж;1999;5,33;5,92;210
Мишина;Дарья;ж;1999;3,43;4,91;204
Можаева;Яна;ж;1999;4,28;4,57;203
Молодцова;Евгения;ж;1999;5,42;5,69;189
Молчанов;Виктор;м;1996;5,42;5,25;237
Молчанов;Никита;м;1996;4,08;4,73;222
Молчанова;Александра;ж;1996;4,12;4,35;201
Молянова;Ксения;ж;1998;4,47;5,93;208
Морозов;Максим;м;1998;4,3;5,88;210
Морозов;Сергей;м;1997;4,4;5,88;226
Морозова;Анна;ж;1996;4,35;5,43;184
Морозова;Ольга;ж;1996;5,45;5,64;206
Морозова;Юлия;ж;1997;4,45;4,01;205
Моршина;Ксения;ж;1999;5,53;5,12;204
Моторнова;Юлия;ж;1997;4,43;4,25;191
Мотылева;Екатерина;ж;1998;4,3;5,9;213
Мохначева;Александра;ж;1998;5,58;5,99;202
Мошкина;Татьяна;ж;1997;3,28;6,13;183
Мошникова;Анастасия;ж;1996;4,55;5,04;212
Мукаилова;Наталия;ж;1998;5,43;4,64;211
Мурашова;Анна;ж;1999;4,28;4,4;191
Мухамедагич;Константин;м;1998;4,28;5,25;213
Мухамедова;Камилла;ж;1997;3,4;4,8;210
Муханьков;Вячеслав;м;1999;4,45;5,94;233
Мухина;Анастасия;ж;1998;4,55;4,06;225
Мяготина;Александра;ж;1999;5,5;5,59;192
Негара;Анастасия;ж;1999;3,4;4,88;198
Недбайлова;Александра;ж;1997;4,58;5,59;205
Недогреева;Светлана;ж;1997;5,57;5,63;205
Нерсисян;Владимир;м;1996;5,53;4,79;235
Нестеров;Виталий;м;1999;4,3;4,1;204
Нестерова;Светлана;ж;1999;4,07;5,92;210
Нефедова;Анастасия;ж;1997;3,38;4,98;204
Нефедова;Татьяна;ж;1998;5,13;5,44;231
Нечаева;Виктория;ж;1999;4,15;5,09;204
Нечепаева;Зинаида;ж;1998;4,25;5,08;194
Никитин;Денис;м;1997;5,13;4,33;201
Никитина;Наталья;ж;1999;3,57;5,9;214
Никитина;Ольга;ж;1996;4,45;4,12;213
Никифоров;Андрей;м;1998;4,3;4,72;200
Никифорова;Дарья;ж;1996;4,4;5,06;220
Никифорова;Екатерина;ж;1997;4,38;5,71;206
Николаев;Дмитрий;м;1998;3,53;5,13;188
Николаева;Валентина;ж;1999;5,37;5,78;208
Николаева;Екатерина;ж;1996;4,27;5,67;197
Никулин;Денис;м;1996;5,28;4,2;184
Никульшин;Георгий;м;1998;4,23;4,25;234
Новикова;Любовь;ж;1997;3,42;5,04;181
Новикова;Ольга;ж;1998;4,3;4,76;201
Новинский;Андрей;м;1996;4,2;4,62;201
Новосёлова;Алина;ж;1999;3,33;5,96;218
Нольден;Павел;м;1997;4,43;5,77;217
Носиков;Алексей;м;1996;4,02;4,16;192
Носова;Елена;ж;1997;4,05;5,48;226
Нуждин;Дмитрий;м;1996;5,27;5,79;205
Ншанян;Михаил;м;1996;5,27;4,49;194
Овечкина;Инна;ж;1997;5,08;5,78;200
Овсянникова;Ирина;ж;1997;5,27;5,52;222
Оганесян;Борис;м;1996;4,55;4,94;228
Олейник;Максим;м;1999;4,12;4,82;229
Орехова;Анастасия;ж;1998;5,52;5,56;203
Орлова;Ксения;ж;1999;3,32;6,33;201
Павлий;Алексей;м;1996;4,52;5,4;210
Павлова;Минар;ж;1996;4,43;5,76;210
Павловский;Владимир;м;1997;5,57;4,65;183
Палагина;Алина;ж;1999;5,2;5,15;178
Паленова;Татьяна;ж;1996;5,45;5,17;185
Пальникова;Ксения;ж;1999;4,35;4,53;178
Панарин;Сергей;м;1996;3,53;4,85;177
Панков;Карина;м;1996;5,52;4,78;202
Панова;Ольга;ж;1997;5,32;4,85;200
Пантюхов;Николай;м;1996;4,22;5,9;213
Панфилова;Венера;ж;1998;5,23;5,9;190
Папирова;Дарья;ж;1998;5,33;5,05;196
Парфенов;Дмитрий;м;1996;5,32;4,18;235
Парфёнов;Кирилл;м;1996;4,33;4,81;230
Паршина;Анастасия;ж;1996;3,52;4,8;185
Патова;Феруза;ж;1997;5,58;4,47;197
Пелевина;Александра;ж;1997;4,22;5,24;185
Первушина;Анастасия;ж;1997;4,07;5,91;206
Пермина;Светлана;ж;1997;4,17;5,61;190
Перова;Наталья;ж;1998;3,48;5,27;189
Пестунов;Петр;м;1997;4,27;4,27;226
Петров;Сергей;м;1996;5,4;5,18;222
Петрова;Анастасия;ж;1998;5,1;5,23;234
Петрова;Антон;ж;1998;3,57;5,92;184
Петрова;Дарья;ж;1998;4,07;5,16;230
Петрова;Ирана;ж;1998;4,22;5,32;196
Петрова;Олеся;ж;1996;5,38;5,6;205
Петрова;Софья;ж;1999;4,38;4,96;199
Петронюк;Владимир;м;1999;4,43;4,32;188
Петрухин;Эдуард;м;1996;3,35;5,95;221
Пивкина;Елена;ж;1998;4,58;4,78;203
Пилия;Евгений;м;1996;4,27;5,95;192
Пинясова;Анастасия;ж;1997;4,38;5,97;224
Пирогова;Елена;ж;1998;5,43;4,43;191
Пишикина;Наталья;ж;1996;3,47;5,09;208
Плаксин;Павел;м;1996;4,35;5,27;182
Платонов;Гахраман;м;1996;4,37;4,03;187
Плешивцева;Анастасия;ж;1997;5,47;5,12;208
Подопросветов;Никита;м;1999;4,07;5,42;213
Покровский;Алексей;м;1997;5,48;5,93;216
Политов;Игорь;м;1999;5,23;5,24;219
Полищук;Дмитрий;м;1998;4,25;4,27;207
Полуянова;Яна;ж;1997;4,35;5,13;225
Полякова;Анастасия;ж;1997;3,35;5,34;205
Поляринова;Любовь;ж;1997;4,5;5,32;228
Понимасов;Егор;м;1999;4,37;5,9;196
Пономарев;Асмик;м;1997;3,58;4,8;227
Пономарёв;Артур;м;1999;3,55;4,19;229
Пономаренко;Андрей;м;1996;3,57;4,82;198
Пономаренко;Дмитрий;м;1999;3,35;4,26;195
Попов;Павел;м;1999;5,32;5,38;237
Попова;Ольга;ж;1996;5,53;5,67;215
Попов-Иванов;Андрей;м;1999;3,35;4,23;198
Поскакаева;Екатерина;ж;1998;3,37;5,44;222
Поскряков;Александр;м;1997;5,58;4,95;195
Потапов;Альберт;м;1997;3,58;4,05;187
Прийма;Светлана;ж;1998;4,1;5,82;195
Приказчикова;Дарья;ж;1997;4,18;5,72;234
Прищепова;Анастасия;ж;1996;5,47;4,87;184
Простов;Дмитрий;м;1997;4,2;5,41;200
Прохоренкова;Татьяна;ж;1997;5,38;5,79;201
Прохорова;Ева;ж;1998;4,18;5,57;192
Прохорова;Екатерина;ж;1998;5,32;5,12;190
Прохорова;Мария;ж;1998;4,47;5,02;209
Пташникова;Анастасия;ж;1998;4,52;5,22;179
Пудова;Ксения;ж;1997;4,47;4,12;209
Пузанова;Татьяна;ж;1999;5,5;5,5;182
Пухова;Ирина;ж;1997;5,02;4,68;177
Пучков;Дмитрий;м;1997;5,5;5,06;190
Пчельникова;Ксения;ж;1999;5,1;5,61;229
Пшенкин;Кирилл;м;1999;5,03;4,93;226
Раров;Глеб;м;1998;4,3;5,4;226
Редькина;Надежда;ж;1996;4,35;4,85;203
Ремизов;Юрий;м;1997;4,33;4,89;212
Ремизова;Наталья;ж;1998;3,58;4,79;182
Ремизова;Юлия;ж;1997;5,57;5,65;211
Робак;Алексей;м;1998;5,4;4,1;229
Рогоцкий;Петр;м;1999;4,42;5,09;218
Родюшкин;Игорь;м;1999;3,3;5,06;193
Рожанская;Алексей;м;1997;3,57;5,86;202
Рожкова;Анна;ж;1998;5,58;4,57;195
Рожкова;Екатерина;ж;1996;5,47;5,13;220
Розберг;Али;м;1999;3,37;5,81;226
Романов;Алексей;м;1999;5,58;4,43;189
Романов;Андрей;м;1997;4,1;5,2;215
Ромашева;Наталья;ж;1997;5,08;5,18;209
Ромашкова;Ирина;ж;1999;5,05;5,49;213
Рослов;Станислав;м;1996;4,17;4,49;213
Рубцова;Диана;ж;1998;5,23;5,16;180
Руйбис;Никита;м;1998;3,37;4,89;185
Русакова;Екатерина;ж;1999;4,27;5,3;233
Русакова;Лолита;ж;1998;3,45;5,58;207
Русакова;Ольга;ж;1999;3,35;4,65;192
Рыжикова;Светлана;ж;1998;5,47;5,17;205
Рыжкова;Владислав;ж;1999;5,1;4,49;206
Рябухина;Анастасия;ж;1997;3,47;4,83;208
Сабаров;Алексей;м;1998;4,23;5,93;207
Савин;Владимир;м;1997;4,32;5,23;194
Савичева;Екатерина;ж;1999;4,22;6,39;202
Савонина;Алина;ж;1999;4,42;4,35;200
Саврухин;Денис;м;1996;4,07;5,51;194
Садовский;Владимир;м;1997;4,5;4,09;225
Садыков;Артем;м;1998;4,13;4,37;199
Сазонова;Севиля;ж;1998;4,35;4,65;183
Саламатин;Павел;м;1998;5,57;5,53;179
Сальников;Алексей;м;1997;4,12;4,41;224
Саморукова;Полина;ж;1997;4,23;5,68;211
Самохвалов;Александр;м;1999;4,25;5,48;196
Самохина;Мария;ж;1998;5,47;4,55;203
Сарибжанов;Иван;м;1996;4,47;4,36;191
Саркисян;Игорь;м;1998;4,52;4,11;224
Сарманов;Дмитрий;м;1999;5,05;5,16;223
Сафонов;Дмитрий;м;1998;5,35;5,38;189
Сафонова;Полина;ж;1999;4,47;4,88;235
Сачковский;Артур;м;1997;5,22;5,23;181
Сбоев;Павел;м;1998;5,15;4,38;208
Светова;Юлия;ж;1998;5,23;4,17;182
Свитко;Егор;м;1996;5,58;5,49;233
Себелева;Екатерина;ж;1998;3,4;5,4;203
Седов;Ярослав;м;1999;4,35;5,5;216
Седова;Олеся;ж;1996;4,25;5,56;180
Сейль;Сергей;м;1996;4,5;5,39;182
Селиванова;Виктория;ж;1998;4,13;6,75;207
Селиванова;Светлана;ж;1999;5,43;4,48;198
Селяхетдинова;Анастасия;ж;1996;3,52;4,96;211
Семенова;Елена;ж;1996;4,25;4,29;190
Семёнова;Елена;ж;1998;4,13;4,14;203
Сёмина;Мария;ж;1996;3,57;5,76;196
Семченкова;Мария;ж;1996;3,55;5,45;206
Сенгерова;Ольга;ж;1998;4,27;4,83;189
Сенющенков;Роман;м;1997;3,35;4,28;187
Сергеев;Агшин;м;1996;5,23;5,16;234
Сергеев;Артем;м;1999;3,35;5,43;221
Сердюкова;Екатерина;ж;1997;5,57;4,47;203
Серебренников;Андрей;м;1997;5,13;5,04;223
Сиваков;Виктор;м;1997;4,03;4,75;224
Сиверцева;Мария;ж;1999;5,13;5,06;204
Сидорова;Екатерина;ж;1996;4,28;5,14;189
Сидорова;Елена;ж;1997;4,23;5,28;177
Сидорова;Наталья;ж;1998;4,5;5,93;189
Силаев;Никита;м;1996;4,03;4,34;196
Силина;Нина;ж;1997;5,27;5,81;200
Симмуль;Кирилл;м;1996;4,18;4,55;226
Симонова;Арина;ж;1998;3,52;4,9;205
Скоберева;Мария;ж;1996;4,52;4,02;195
Скребкова;Анна;ж;1998;5,23;5,49;206
Смирнов;Андрей;м;1998;4,27;4,44;204
Смирнов;Станислав;м;1997;5,48;4,28;182
Смирнова;Диана;ж;1999;4,27;6,39;212
Смирнова;Ксения;ж;1999;5,28;5,45;191
Смирнова;Марина;ж;1999;5,33;6,85;206
Смирнова;Олеся;ж;1998;5,4;5,43;235
Смирнова;Юлия;ж;1996;4,38;5,22;231
Смольянинов;Евгений;м;1998;3,58;5,87;187
Смотрин;Виктор;м;1998;4,37;5,55;224
Собачкина;Анна;ж;1997;4,38;5,5;179
Соколов;Евгений;м;1996;5,05;4,52;180
Соколова;Марта;ж;1997;3,32;5,74;207
Соловьева;Екатерина;ж;1998;5,58;5,22;225
Соловьева;Ольга;ж;1998;5,05;5,16;196
Соломатина;Мария;ж;1999;4,53;5,36;198
Соломина;Зоя;ж;1998;3,58;4,36;207
Солохина;Мария;ж;1997;4,37;5,31;189
Сорокина;Анна;ж;1997;5,33;5,32;190
Сосна;Алия;ж;1999;5,07;5,72;193
Спасибо;Алгирдас;м;1998;4,32;5,99;227
Станкевич;Александр;м;1996;5,28;5,41;236
Старшинина;Дарья;ж;1999;4,02;5,39;178
Степанидина;Виктория;ж;1997;4,18;5,05;224
Степанов;Евгений;м;1999;4,25;5,27;233
Степанова;Маргарита;ж;1997;5,4;5,75;206
Степанова;Мария;ж;1997;4,12;5,72;233
Стогова;Рината;ж;1997;3,47;5,55;188
Стрельников;Антон;м;1996;5,47;4,11;222
Стрельникова;Ольга;ж;1996;5,07;4,95;209
Стручков;Фёдор;м;1999;3,28;5,69;197
Стукалина;Оксана;ж;1996;5,2;5,58;235
Стукалов;Борис;м;1998;3,43;4,02;218
Суровцева;Анастасия;ж;1997;3,47;5,76;181
Суровцева;Наталья;ж;1997;4,25;5,09;216
Суханова;Маргарита;ж;1996;4,47;5,55;216
Сюткин;Александр;м;1999;5,43;5,1;221
Тагунова;Анастасия;ж;1998;5,45;4,39;198
Тамкова;Валерия;ж;1996;4,5;5,38;219
Тананков;Дмитрий;м;1999;5,25;4,99;203
Тарлецков;Метакся;м;1996;4,17;5,04;183
Татарова;Анна;ж;1999;5,37;5,08;193
Татинцян;Артем;м;1996;4,25;5,6;190
Татинцян;Ярослав;м;1998;5,48;4,14;208
Телегин;Олег;м;1996;4,58;4,24;188
Темяшова;Анна;ж;1999;3,45;5,15;201
Терёхин;Руслан;м;1996;4,48;4,99;187
Терехов;Артём;м;1998;4,07;4,18;235
Терешин;Светлана;м;1998;4,48;5,21;199
Терещенко;Вадим;м;1999;4,35;5,03;199
Тиль;Евгений;м;1999;3,32;5,87;210
Тимофеев;Андрей;м;1999;4,45;5,15;190
Тимофеев;Андрей;м;1997;3,43;5,9;207
Тимофеева;Татьяна;ж;1997;4,1;4,25;205
Титов;Герман;м;1999;5,5;5,33;225
Титов;Максим;м;1999;3,4;5,77;182
Тихонов;Виталий;м;1996;4,4;4,07;225
Тихонов;Владислав;м;1996;5,42;4,48;189
Тихонова;Лиана;ж;1998;5,4;6,17;205
Тишабаева;Надежда;ж;1998;4,57;5,02;235
Токарева;Анна;ж;1997;5,07;4,48;203
Толкачев;Алексей;м;1999;3,3;5,53;178
Толмачева;Наталья;ж;1998;4,58;4,47;193
Толсторукова;Анна;ж;1996;5,37;4,9;194
Трапезникова;Мария;ж;1996;3,33;5,14;205
Третьякова;Евгения;ж;1998;4,25;4,16;202
Третьякова;Ксения;ж;1997;4,22;5,47;189
Третьякова;Наталия;ж;1998;4,32;4,86;179
Трифонова;Юлия;ж;1999;5,08;6,08;177
Троилина;Юлия;ж;1999;3,32;4,47;211
Тронова;Алина;ж;1997;5,52;4,73;189
Трофимова;Екатерина;ж;1996;4,4;5,33;182
Трубаева;Алина;ж;1997;4,58;4,44;198
Турбина;Екатерина;ж;1998;4,07;5,98;184
Тургенев;Константин;м;1996;5,42;5,45;221
Туркова;Евгения;ж;1998;4;5,72;208
Тюленев;Павел;м;1997;4,2;5,1;208
Тюрина;Владислава;ж;1997;5;4,38;188
Тюркина;Дарья;ж;1999;5,37;4,61;196
Уваркин;Тимофей;м;1999;5,42;4,01;225
Уварова;Лилия;ж;1999;4,53;5,86;207
Углова;Валерия;ж;1997;3,57;5,25;205
Удалов;Лев;м;1998;5,4;4,58;206
Ульянова;Екатерина;ж;1998;5,58;4,15;216
Умников;Заурбек;м;1997;5,02;4,21;224
Умникова;Анастасия;ж;1997;5,3;5,29;191
Усачев;Роман;м;1999;5,38;5,35;216
Усачева;Екатерина;ж;1997;6;5,17;207
Уткин;Сергей;м;1997;5,12;5,07;220
Уткина;Ирина;ж;1999;4,37;5,14;224
Учуватова;Кристина;ж;1996;4;5,19;213
Ушакова;Виктория;ж;1997;5,12;4,08;211
Фандин;Александр;м;1998;5,42;4,41;214
Федин;Юлий;м;1999;4;5,86;232
Федоров;Денис;м;1997;5,33;4,6;218
Федорова;Анна;ж;1996;5,42;5,06;214
Федоровский;Максим;м;1998;3,43;4,2;235
Федосеев;Артур;м;1997;4,37;5;202
Федосеева;Екатерина;ж;1999;4,13;5,43;214
Федосеева;Любовь;ж;1997;5,15;5,26;197
Федотова;Татьяна;ж;1996;3,43;5,97;201
Фефелова;Дарья;ж;1998;4,2;4,82;183
Фефилова;Дарья;ж;1999;5,17;4,55;227
Филиппов;Илья;м;1996;5,2;5,48;208
Филиппова;Анна;ж;1999;6;4,13;186
Филиппова;Вероника;ж;1999;4,55;5,91;196
Филиппова;Дарья;ж;1996;3,52;5,36;188
Фокина;Алсу;ж;1996;5,17;4,79;187
Фокина;Елизавета;ж;1996;4,4;5,2;211
Фомина;Наталья;ж;1996;4,42;5,19;208
Фомина;Ольга;ж;1999;4,42;5,96;204
Фролова;Анастасия;ж;1996;5,53;4,54;178
Фролова;Екатерина;ж;1999;5,27;4,89;190
Фрольцова;Маргарита;ж;1998;4,28;5,7;183
Хадурова;Юлия;ж;1996;5,45;4,45;203
Харитонов;Дмитрий;м;1997;4,37;5,18;225
Харитонова;Полина;ж;1996;4,47;4,69;192
Хачатурян;Богдан;м;1999;3,58;5,31;213
Хитро;Никита;м;1998;5,25;5,83;226
Ходакова;Мария;ж;1998;4,57;5,26;185
Ходжаева;Полина;ж;1996;3,38;4,63;193
Хохлов;Баходур;м;1996;5,4;5,85;232
Хохлова;Анастасия;ж;1999;4,2;5,58;217
Храповский;Максим;м;1996;5,25;5,67;180
Хренов;Алексей;м;1997;5,58;5,51;191
Хусаинова;Анастасия;ж;1997;5,18;5,48;202
Царева;Татьяна;ж;1997;5,45;4,43;190
Царькова;Анастасия;ж;1999;4,45;5,04;205
Цветков;Кирилл;м;1997;6;5,93;198
Цветкова;Анастасия;ж;1998;3,42;5,49;182
Цветкова;Екатерина;ж;1999;5,1;5,24;213
Цой;Никита;м;1996;5,08;4,06;201
Цыдыпова;Карина;ж;1999;4,03;5,75;213
Чебанина;Ксения;ж;1997;5,5;5,89;181
Чегодаева;Алина;ж;1996;4,4;4,02;197
Чеканов;Евгений;м;1997;3,28;5,86;195
Черкесова;Елизавета;ж;1998;4,52;5,51;215
Черников;Михаил;м;1998;5,47;4,86;179
Черникова;Надежда;ж;1998;4,52;4,8;184
Чернобров;Михаил;м;1997;5,28;4,98;228
Черножукова;Елизавета;ж;1998;4,52;5,38;184
Чернухина;Татьяна;ж;1998;4,47;4,18;204
Чернышева;Дарья;ж;1999;5,27;5,3;195
Чернышова;Эльмира;ж;1998;4,52;4,87;201
Чернышова;Виктория;м;1997;5,53;4,44;228
Черткова;Дарья;ж;1997;4,2;5,81;200
Чикурников;Леонид;м;1996;4,33;4,84;202
Чиликина;Юлия;ж;1999;4,23;5,1;197
Чиркунов;Денис;м;1996;5,22;5,98;189
Чистякова;Дарья;ж;1999;4,27;6,44;223
Чичибабин;Никита;м;1997;3,45;4,17;209
Чубукин;Николай;м;1998;5,35;5,7;207
Чуйкова;Раиса;ж;1998;4,02;4,76;200
Чулкова;Юлия;ж;1998;5,45;5,68;215
Чумаков;Алексей;м;1996;5,23;4,11;192
Чумакова;Дарья;ж;1997;5,32;4,93;204
Чумакова;Ксения;ж;1998;5,52;6;217
Чуркин;Дмитрий;м;1999;5,08;5,58;180
Чутчева;Анастасия;ж;1998;4,43;4,25;221
Шабиева;Василиса;ж;1996;5,47;5,99;202
Шавандина;Мария;ж;1998;4,37;5,31;202
Шайхутдинова;Фатимат;ж;1997;5,2;4,89;218
Шаламова;Евгения;ж;1999;3,42;5,33;232
Шалкевич;Георгий;м;1997;4,32;4,39;211
Шапель;Миралем;м;1999;5;4,09;199
Шарапова;Надежда;ж;1996;5,33;5,69;206
Шаров;Андрей;м;1996;4,07;5,47;184
Шаров;Денис;м;1996;3,4;4,37;233
Шарова;Раиса;ж;1997;5,42;5,15;179
Шахова;Анна;ж;1996;4,05;4,82;209
Шевелева;Маргарита;ж;1999;5,05;4,46;205
Шевлякова;Анна;ж;1998;4,47;5,23;223
Шевцова;Анастасия;ж;1998;3,53;5,45;213
Шелягина;Арзу;ж;1996;4,55;5,48;178
Шерина;Екатерина;ж;1999;5,43;4,23;179
Шершень;Дмитрий;м;1997;3,43;4,98;193
Шестакова;Дарья;ж;1996;4,42;5,25;212
Широкова;Аминат;ж;1997;5,42;4,25;206
Шичалина;Диана;ж;1997;5,25;4,3;179
Шкарупина;Наталья;ж;1998;5,43;5,19;206
Шкиренков;Петр;м;1997;5,27;5,54;233
Шкурина;Наталия;ж;1999;5,5;5,19;177
Шлепикас;Михаил;м;1996;4,28;5,29;194
Шлыкова;Людмила;ж;1998;4,35;4,47;223
Шляхова;Дарья;ж;1996;5,47;5,68;190
Шмелева;Анна;ж;1998;4,37;4,95;178
Шмыгалина;Алиса;ж;1999;3,57;5,38;194
Шолкова;Дарья;ж;1999;4,55;5,23;184
Шопша;Наталья;ж;1996;4,27;5,16;196
Штыров;Николай;м;1999;4,35;4,16;193
Шубарева;Елизавета;ж;1998;5,48;4,36;222
Шубина;Жанна;ж;1998;5,43;4,5;194
Шулыгина;Александра;ж;1998;4,32;5,24;229
Шульга;Анастасия;ж;1998;5,35;5,8;189
Шумари;Алексей;м;1999;4,38;5,86;235
Шуринов;Игорь;м;1999;4,18;5,23;194
Шустрова;Екатерина;ж;1996;3,53;5,24;200
Шухова;Алёна;ж;1997;4,32;5,93;214
Шучева;Екатерина;ж;1999;4,25;4,9;205
Щербаков;Левон;м;1996;5,45;4,2;227
Щербакова;Елена;ж;1996;4,07;5,71;199
Щеткин;Роман;м;1997;5,38;5,3;227
Щипалкина;Александра;ж;1996;5,3;5,99;199
Юрова;Ирина;ж;1997;5,57;5,1;178
Юршина;Настасья;ж;1999;3,35;5,98;223
Юшин;Виктор;м;1996;5,03;5,86;205
Юшманова;Дарья;ж;1998;5,27;4,53;227
Якимова;Ксения;ж;1997;4,37;5,5;214
Яковлева;Людмила;ж;1996;5,53;4,76;213
Ялдаров;Александр;м;1998;4,08;4,72;227
Янов;Артем;м;1998;5,25;5,73;188
Ярагина;Мария;ж;1997;4,02;5,72;216
Яруллина;Татьяна;ж;1997;3,3;4,27;208
Яцко;Иван;м;1996;4,22;5,06;183
Яшина;Мария;ж;1999;3,55;6,86;192
